source_kind,source_path,cycle_id,phase,suite,run_id,timestamp,git_commit,git_branch,test_count,total_time_ms,parse_time_ms,diff_time_ms,signature_build_time_ms,move_detection_time_ms,alignment_time_ms,cell_diff_time_ms,op_emit_time_ms,report_serialize_time_ms,peak_memory_bytes,grid_storage_bytes,string_pool_bytes,op_buffer_bytes,alignment_buffer_bytes,rows_processed,cells_compared,anchors_found,moves_detected,hash_lookups_est,allocations_est,old_bytes,new_bytes,total_input_bytes
results,benchmarks/results/2025-12-12_163759.json,,single,quick,2025-12-12_163759,2025-12-12T16:37:59.561238+00:00,2305ff2dde9e,2025-12-09-sprint-branch-2,5,6309,,,,,,,,,,,,,,10000,289850,,,,,,,
results,benchmarks/results/2025-12-12_175341.json,,single,quick,2025-12-12_175341,2025-12-12T17:53:41.269366+00:00,2305ff2dde9e,2025-12-09-sprint-branch-2,5,1813,,,,,,,,,,,,,,10000,289850,,,,,,,
results,benchmarks/results/2025-12-12_203400.json,,single,quick,2025-12-12_203400,2025-12-12T20:34:00.244267+00:00,2305ff2dde9e,2025-12-09-sprint-branch-2,5,702,,,,0,702,191,,,,,,,,10000,289850,4998,0,,,,,
results,benchmarks/results/2025-12-12_203454.json,,single,quick,2025-12-12_203454,2025-12-12T20:34:54.109291+00:00,2305ff2dde9e,2025-12-09-sprint-branch-2,5,807,,,,0,807,196,,,,,,,,10000,289850,4998,0,,,,,
results,benchmarks/results/2025-12-12_223643.json,,single,quick,2025-12-12_223643,2025-12-12T22:36:43.401269+00:00,3c6227bb8537,2025-12-09-sprint-branch-2,5,499,,,,86,411,72,,,,,,,,10000,289850,3998,0,,,,,
results,benchmarks/results/2025-12-13_000346.json,,single,quick,2025-12-13_000346,2025-12-13T00:03:46.458907+00:00,703e116af1f7,2025-12-09-sprint-branch-2,5,448,,,,26,367,60,,,,,,,,10000,289850,3998,0,,,,,
results,benchmarks/results/2025-12-13_000410.json,,single,quick,2025-12-13_000410,2025-12-13T00:04:10.796986+00:00,703e116af1f7,2025-12-09-sprint-branch-2,5,430,,,,6,381,78,,,,,,,,10000,289850,3998,0,,,,,
results,benchmarks/results/2025-12-13_155200_fullscale.json,,single,full-scale,2025-12-13_155200_fullscale,2025-12-13T15:52:00.299392+00:00,8bec00c35df1,2025-12-09-sprint-branch-2,5,25357,,,,1994,21285,6486,,,,,,,,500000,22487500,199750,0,,,,,
results,benchmarks/results/2025-12-13_165236_fullscale.json,,single,full-scale,2025-12-13_165236_fullscale,2025-12-13T16:52:36.659037+00:00,7b286cdb5b3f,2025-12-13-branch-3,5,38541,,,,2270,33398,10204,,,,,,,,500000,22487500,199750,0,,,,,
results,benchmarks/results/2025-12-13_174735_fullscale.json,,single,full-scale,2025-12-13_174735_fullscale,2025-12-13T17:47:35.460749+00:00,7b286cdb5b3f,2025-12-13-branch-3,5,30888,,,,742,27572,8081,,,,,,,,500000,22487500,199750,0,,,,,
results,benchmarks/results/2025-12-13_174822_fullscale.json,,single,full-scale,2025-12-13_174822_fullscale,2025-12-13T17:48:22.082606+00:00,7b286cdb5b3f,2025-12-13-branch-3,5,26783,,,,1231,23152,6989,,,,,,,,500000,22487500,199750,0,,,,,
results,benchmarks/results/2025-12-13_175318_fullscale.json,,single,full-scale,2025-12-13_175318_fullscale,2025-12-13T17:53:18.481156+00:00,7b286cdb5b3f,2025-12-13-branch-3,5,37835,,,,814,34017,9548,,,,,,,,500000,22487500,199750,0,,,,,
results,benchmarks/results/2025-12-13_202028.json,,single,quick,2025-12-13_202028,2025-12-13T20:20:28.349186+00:00,d43dd59a9ecb,2025-12-13-branch-3,5,400,,,,149,227,50,,,,,,,,10000,281832,3998,0,,,,,
results,benchmarks/results/2025-12-13_202327_fullscale.json,,single,full-scale,2025-12-13_202327_fullscale,2025-12-13T20:23:27.726390+00:00,d43dd59a9ecb,2025-12-13-branch-3,5,30582,,,,19556,10282,5733,,,,,,,,500000,30075459,199750,0,,,,,
results,benchmarks/results/2025-12-14_003645.json,,single,quick,2025-12-14_003645,2025-12-14T00:36:45.665528+00:00,d43dd59a9ecb,2025-12-13-branch-3,5,243,,,,97,135,29,,,,,,,,10000,190916,3998,0,,,,,
results,benchmarks/results/2025-12-14_004611.json,,single,quick,2025-12-14_004611,2025-12-14T00:46:11.489588+00:00,d43dd59a9ecb,2025-12-13-branch-3,5,255,,,,113,130,27,,,,,,,,10000,190916,3998,0,,,,,
results,benchmarks/results/2025-12-14_004643_fullscale.json,,single,full-scale,2025-12-14_004643_fullscale,2025-12-14T00:46:43.046285+00:00,d43dd59a9ecb,2025-12-13-branch-3,5,36274,,,,23076,12459,7500,,,,,,,,500000,17537730,199750,0,,,,,
results,benchmarks/results/2025-12-14_005407_fullscale.json,,single,full-scale,2025-12-14_005407_fullscale,2025-12-14T00:54:07.067950+00:00,d43dd59a9ecb,2025-12-13-branch-3,5,37370,,,,23770,12289,6792,,,,,,,,500000,17537730,199750,0,,,,,
results,benchmarks/results/2025-12-14_202417_fullscale.json,,single,full-scale,2025-12-14_202417_fullscale,2025-12-14T20:24:17.041786+00:00,ec860ce7fa43,2025-12-13-branch-3,5,29279,,,,18247,10377,6076,,,,,,,,500000,17537730,199750,0,,,,,
results,benchmarks/results/2025-12-15_183914.json,,single,quick,2025-12-15_183914,2025-12-15T18:39:14.310485+00:00,558ffbf7d0b6,2025-12-13-branch-3,5,399,,,,163,217,43,,,,,,,,10000,190916,3998,0,,,,,
results,benchmarks/results/2025-12-15_191921_fullscale.json,,single,full-scale,2025-12-15_191921_fullscale,2025-12-15T19:19:21.850750+00:00,941057538591,2025-12-13-branch-3,5,29934,,,,18424,10841,6432,,,,,,,,500000,17537730,199750,0,,,,,
results,benchmarks/results/2025-12-17_164231_fullscale.json,,single,full-scale,2025-12-17_164231_fullscale,2025-12-17T16:42:31.414945+00:00,4560dc3b3b02,2025-12-18-branch-7,5,42227,,,,27167,14272,7485,,,,,,,,500000,17537730,199750,0,,,,,
results,benchmarks/results/2025-12-17_164437_fullscale.json,,single,full-scale,2025-12-17_164437_fullscale,2025-12-17T16:44:37.748502+00:00,4560dc3b3b02,2025-12-18-branch-7,5,20845,,,,13371,6984,3468,,,,,,,,500000,17537730,199750,0,,,,,
results,benchmarks/results/2025-12-18_221709_fullscale.json,,single,full-scale,2025-12-18_221709_fullscale,2025-12-18T22:17:09.934361+00:00,1ab4cbd47268,2025-12-19b-grid-preflight-bailouts,5,20271,,,,0,0,5948,,,,,,,,500000,22500000,0,0,,,,,
results,benchmarks/results/2025-12-22_191531_fullscale.json,,single,full-scale,2025-12-22_191531_fullscale,2025-12-22T19:15:31.959567+00:00,ff46f641851b,2025-12-24a-design-improvements,5,12548,0,12548,,0,0,3009,,,3184279385,,,,,500000,10001060,0,0,,,,,
results,benchmarks/results/2025-12-23_132920_fullscale.json,,single,full-scale,2025-12-23_132920_fullscale,2025-12-23T13:29:20.061055+00:00,df88177e8b74,2025-12-24a-design-improvements,6,17806,0,17806,5270,11302,0,459,0,0,2858887663,963670016,1218,2240,853045180,600000,9501060,0,1,30100459,500800,,,
results,benchmarks/results/2025-12-23_173949_fullscale.json,,single,full-scale,2025-12-23_173949_fullscale,2025-12-23T17:39:49.815748+00:00,d70513903a5f,2025-12-24d-branch-3,6,20543,0,20543,5857,13257,0,571,0,0,2858887663,963670016,1218,2240,853045180,600000,9501060,0,1,30100459,500800,,,
results,benchmarks/results/2025-12-23_190426_fullscale_parallel.json,,single,full-scale,2025-12-23_190426_fullscale_parallel,2025-12-23T19:04:26.896710+00:00,d70513903a5f,2025-12-24d-branch-3,6,10919,0,10919,2648,7225,0,336,0,0,2859488023,963670016,1218,2240,853045180,600000,9501060,0,1,30100459,500800,,,
results,benchmarks/results/2025-12-23_190454_fullscale.json,,single,full-scale,2025-12-23_190454_fullscale,2025-12-23T19:04:54.541538+00:00,d70513903a5f,2025-12-24d-branch-3,6,13246,0,13246,3722,8626,0,354,0,0,2858887663,963670016,1218,2240,853045180,600000,9501060,0,1,30100459,500800,,,
results,benchmarks/results/2025-12-23_214522_fullscale_parallel.json,,single,full-scale,2025-12-23_214522_fullscale_parallel,2025-12-23T21:45:22.925191+00:00,d70513903a5f,2025-12-24d-branch-3,6,7780,0,7780,1351,5412,0,387,0,0,2944873727,963670016,1218,2240,853045180,600000,9501060,0,1,30100459,500800,,,
results,benchmarks/results/2025-12-23_214545_fullscale_parallel.json,,single,full-scale,2025-12-23_214545_fullscale_parallel,2025-12-23T21:45:45.340941+00:00,d70513903a5f,2025-12-24d-branch-3,6,7814,0,7814,1451,5296,0,412,0,0,2944873727,963670016,1218,2240,853045180,600000,9501060,0,1,30100459,500800,,,
results,benchmarks/results/2025-12-23_215619.json,,single,quick,2025-12-23_215619,2025-12-23T21:56:19.885735+00:00,d70513903a5f,2025-12-24d-branch-3,7,451,0,451,231,0,82,102,23,0,230926838,38034688,1417,58722496,34990780,34000,419370,2998,0,1381935,32580,,,
results,benchmarks/results/2025-12-23_215710_fullscale_parallel.json,,single,full-scale,2025-12-23_215710_fullscale_parallel,2025-12-23T21:57:10.311744+00:00,d70513903a5f,2025-12-24d-branch-3,6,11720,0,11720,2037,8218,0,565,0,0,2944873727,963670016,1218,2240,853045180,600000,9501060,0,1,30100459,500800,,,
results,benchmarks/results/2025-12-23_220012_fullscale_parallel.json,,single,full-scale,2025-12-23_220012_fullscale_parallel,2025-12-23T22:00:12.767761+00:00,d70513903a5f,2025-12-24d-branch-3,6,7662,0,7662,1288,5262,0,431,0,0,2944873727,963670016,1218,2240,853045180,600000,9501060,0,1,30100459,500800,,,
results,benchmarks/results/2025-12-23_220029_fullscale_parallel.json,,single,full-scale,2025-12-23_220029_fullscale_parallel,2025-12-23T22:00:29.749023+00:00,d70513903a5f,2025-12-24d-branch-3,6,7828,0,7828,1496,5346,0,332,0,0,2944873727,963670016,1218,2240,853045180,600000,9501060,0,1,30100459,500800,,,
results,benchmarks/results/2026-01-27_212311_fullscale.json,,single,full-scale,2026-01-27_212311_fullscale,2026-01-27T21:23:11.044868+00:00,abdfe1896398,algo_improvement,6,3726,0,3726,2597,45,0,480,0,0,2045849061,963670016,1218,2240,692643344,600000,10001750,0,1,5000000,100100,,,
results,benchmarks/results/2026-01-27_212320_fullscale.json,,single,full-scale,2026-01-27_212320_fullscale,2026-01-27T21:23:20.825950+00:00,abdfe1896398,algo_improvement,6,3040,0,3040,2107,35,0,348,0,0,2045849061,963670016,1218,2240,692643344,600000,10001750,0,1,5000000,100100,,,
results,benchmarks/results/2026-01-27_212329_fullscale.json,,single,full-scale,2026-01-27_212329_fullscale,2026-01-27T21:23:29.461270+00:00,abdfe1896398,algo_improvement,6,3164,0,3164,2171,41,0,415,0,0,2045849061,963670016,1218,2240,692643344,600000,10001750,0,1,5000000,100100,,,
results,benchmarks/results/2026-01-27_212341_fullscale.json,,single,full-scale,2026-01-27_212341_fullscale,2026-01-27T21:23:41.545655+00:00,abdfe1896398,algo_improvement,6,3815,0,3815,2809,41,0,398,0,0,2045849061,963670016,1218,2240,692643344,600000,10001750,0,1,5000000,100100,,,
results,benchmarks/results/2026-01-27_212351_fullscale.json,,single,full-scale,2026-01-27_212351_fullscale,2026-01-27T21:23:51.276434+00:00,abdfe1896398,algo_improvement,6,3578,0,3578,2587,36,0,513,0,0,2045849061,963670016,1218,2240,692643344,600000,10001750,0,1,5000000,100100,,,
results,benchmarks/results/2026-01-27_222859_fullscale.json,,single,full-scale,2026-01-27_222859_fullscale,2026-01-27T22:28:59.775223+00:00,a6e0acbad05f,HEAD,6,4547,0,4547,3383,50,0,460,0,0,2045849061,963670016,1218,2240,692643344,600000,10001750,0,1,5000000,100100,,,
results,benchmarks/results/2026-01-28_002227_fullscale.json,,single,full-scale,2026-01-28_002227_fullscale,2026-01-28T00:22:27.608798+00:00,a6e0acbad05f,HEAD,6,1476,0,1476,896,23,0,232,0,0,2031426437,963670016,1218,2240,692643344,600000,10001750,0,1,5000000,100100,,,
results,benchmarks/results/2026-01-28_002233_fullscale.json,,single,full-scale,2026-01-28_002233_fullscale,2026-01-28T00:22:33.596436+00:00,a6e0acbad05f,HEAD,6,1525,0,1525,930,24,0,232,0,0,2031426437,963670016,1218,2240,692643344,600000,10001750,0,1,5000000,100100,,,
results,benchmarks/results/2026-01-28_002239_fullscale.json,,single,full-scale,2026-01-28_002239_fullscale,2026-01-28T00:22:39.673170+00:00,a6e0acbad05f,HEAD,6,1460,0,1460,900,24,0,225,0,0,2031426437,963670016,1218,2240,692643344,600000,10001750,0,1,5000000,100100,,,
results,benchmarks/results/2026-01-28_002245_fullscale.json,,single,full-scale,2026-01-28_002245_fullscale,2026-01-28T00:22:45.629105+00:00,a6e0acbad05f,HEAD,6,1498,0,1498,936,30,0,229,0,0,2031426437,963670016,1218,2240,692643344,600000,10001750,0,1,5000000,100100,,,
results,benchmarks/results/2026-01-28_002250_fullscale.json,,single,full-scale,2026-01-28_002250_fullscale,2026-01-28T00:22:50.771171+00:00,a6e0acbad05f,HEAD,6,1505,0,1505,908,25,0,241,0,0,2031426437,963670016,1218,2240,692643344,600000,10001750,0,1,5000000,100100,,,
results,benchmarks/results/2026-01-28_002315_fullscale_avg.json,,single,full-scale,2026-01-28_002315_fullscale_avg,2026-01-28T00:23:15.903939+00:00,a6e0acbad05f,HEAD,6,1493,0,1493,914,25,0,232,0,0,2031426437,963670016,1218,2240,692643344,600000,10001750,0,1,5000000,100100,,,
perf_cycle,benchmarks/perf_cycles/2026-02-03_194858/pre_fullscale.json,2026-02-03_194858,pre,full-scale,2026-02-03_194858:pre:full-scale,2026-02-03T19:49:04.596981+00:00,60b1eaaa099d,20260203_perf_improvement,6,821,0,821,564,18,0,203,0,0,2076897495,963670016,1218,2240,692643344,600000,10001750,0,1,5000000,100100,,,
perf_cycle,benchmarks/perf_cycles/2026-02-03_194917/pre_fullscale.json,2026-02-03_194917,pre,full-scale,2026-02-03_194917:pre:full-scale,2026-02-03T19:49:21.659864+00:00,60b1eaaa099d,20260203_perf_improvement,6,837,0,837,584,17,0,202,0,0,2076897495,963670016,1218,2240,692643344,600000,10001750,0,1,5000000,100100,,,
perf_cycle,benchmarks/perf_cycles/2026-02-03_194917/pre_e2e.json,2026-02-03_194917,pre,e2e,2026-02-03_194917:pre:e2e,2026-02-03T19:49:44.062703+00:00,60b1eaaa099d,20260203_perf_improvement,5,23886,23807,79,58,0,0,0,0,0,1096986927,459679136,576612398,0,347982376,500002,5001430,0,0,0,0,40970205,40970259,81940464
perf_cycle,benchmarks/perf_cycles/2026-02-03_194917/post_fullscale.json,2026-02-03_194917,post,full-scale,2026-02-03_194917:post:full-scale,2026-02-03T19:50:48.300627+00:00,60b1eaaa099d,20260203_perf_improvement,6,595,0,595,332,17,0,208,0,0,2087646063,963670016,1218,2240,692643344,600000,10001750,0,1,5000000,100100,,,
perf_cycle,benchmarks/perf_cycles/2026-02-03_194917/post_e2e.json,2026-02-03_194917,post,e2e,2026-02-03_194917:post:e2e,2026-02-03T19:51:24.648062+00:00,60b1eaaa099d,20260203_perf_improvement,5,29263,29171,92,69,0,0,0,0,0,1096986927,459679136,576612398,0,347982376,500002,5001430,0,0,0,0,40970205,40970259,81940464
perf_cycle,benchmarks/perf_cycles/2026-02-03_211706/pre_fullscale.json,2026-02-03_211706,pre,full-scale,2026-02-03_211706:pre:full-scale,2026-02-03T21:17:14.612634+00:00,c370707ec9f3,20260203_perf_improvement,6,943,0,943,573,24,0,301,0,0,2083320639,963670016,1218,2240,692643344,600000,10001750,0,1,5000000,100100,,,
perf_cycle,benchmarks/perf_cycles/2026-02-03_211840/pre_fullscale.json,2026-02-03_211840,pre,full-scale,2026-02-03_211840:pre:full-scale,2026-02-03T21:19:31.605746+00:00,c370707ec9f3,20260203_perf_improvement,6,895,0,895,456,28,0,356,0,0,2086564703,963670016,1218,2240,692643344,600000,10001750,0,1,5000000,100100,,,
perf_cycle,benchmarks/perf_cycles/2026-02-03_211840/pre_e2e.json,2026-02-03_211840,pre,e2e,2026-02-03_211840:pre:e2e,2026-02-03T21:20:25.162832+00:00,c370707ec9f3,20260203_perf_improvement,5,41138,41027,111,81,0,0,0,0,0,1096986927,459679136,576612398,0,347982376,500002,5001430,0,0,0,0,40970198,40970259,81940457
perf_cycle,benchmarks/perf_cycles/2026-02-03_211840/post_fullscale.json,2026-02-03_211840,post,full-scale,2026-02-03_211840:post:full-scale,2026-02-03T21:31:44.498781+00:00,c370707ec9f3,20260203_perf_improvement,6,941,0,941,552,23,0,306,0,0,2082801999,963670016,1218,2240,692643344,600000,10001750,0,1,5000000,100100,,,
perf_cycle,benchmarks/perf_cycles/2026-02-03_211840/post_e2e.json,2026-02-03_211840,post,e2e,2026-02-03_211840:post:e2e,2026-02-03T21:32:23.210755+00:00,c370707ec9f3,20260203_perf_improvement,5,39669,39562,107,72,0,0,0,0,0,1096986927,459679136,576612398,0,347982376,500002,5001430,0,0,0,0,40970198,40970259,81940457
perf_cycle,benchmarks/perf_cycles/2026-02-05_172842/pre_fullscale.json,2026-02-05_172842,pre,full-scale,2026-02-05_172842:pre:full-scale,2026-02-05T17:28:47.919144+00:00,c370707ec9f3,20260203_perf_improvement,6,725,1,724,416,21,0,249,0,0,2084942687,963670016,1218,2240,692643344,600000,10001750,0,1,5000000,100100,,,
perf_cycle,benchmarks/perf_cycles/2026-02-05_172907/pre_fullscale.json,2026-02-05_172907,pre,full-scale,2026-02-05_172907:pre:full-scale,2026-02-05T17:29:11.983783+00:00,c370707ec9f3,20260203_perf_improvement,6,678,0,678,385,22,0,235,0,0,2082801999,963670016,1218,2240,692643344,600000,10001750,0,1,5000000,100100,,,
perf_cycle,benchmarks/perf_cycles/2026-02-05_172907/pre_e2e.json,2026-02-05_172907,pre,e2e,2026-02-05_172907:pre:e2e,2026-02-05T17:29:38.578467+00:00,c370707ec9f3,20260203_perf_improvement,5,27575,27493,82,58,0,0,0,0,0,1096986927,459679136,576612398,0,347982376,500002,5001430,0,0,0,0,40970198,40970259,81940457
perf_cycle,benchmarks/perf_cycles/2026-02-05_172907/post_fullscale.json,2026-02-05_172907,post,full-scale,2026-02-05_172907:post:full-scale,2026-02-05T17:47:16.381042+00:00,c370707ec9f3,20260203_perf_improvement,6,734,1,733,446,24,0,220,0,0,2082801999,963670016,1218,2240,692643344,600000,10001750,0,1,5000000,100100,,,
perf_cycle,benchmarks/perf_cycles/2026-02-05_172907/post_e2e.json,2026-02-05_172907,post,e2e,2026-02-05_172907:post:e2e,2026-02-05T17:47:49.791789+00:00,c370707ec9f3,20260203_perf_improvement,5,34884,34764,120,93,0,0,0,0,0,1096986927,459679136,576612398,0,347982376,500002,5001430,0,0,0,0,40970198,40970259,81940457
perf_cycle,benchmarks/perf_cycles/2026-02-05_191605/pre_fullscale.json,2026-02-05_191605,pre,full-scale,2026-02-05_191605:pre:full-scale,2026-02-05T19:16:10.408437+00:00,7ed19c558ceb,20260203_perf_improvement,6,632,0,632,343,17,0,234,0,0,2084942687,963670016,1218,2240,692643344,600000,10001750,0,1,5000000,100100,,,
perf_cycle,benchmarks/perf_cycles/2026-02-05_191624/pre_fullscale.json,2026-02-05_191624,pre,full-scale,2026-02-05_191624:pre:full-scale,2026-02-05T19:16:29.124013+00:00,7ed19c558ceb,20260203_perf_improvement,6,597,0,597,344,20,0,197,0,0,2087646063,963670016,1218,2240,692643344,600000,10001750,0,1,5000000,100100,,,
perf_cycle,benchmarks/perf_cycles/2026-02-05_191624/pre_e2e.json,2026-02-05_191624,pre,e2e,2026-02-05_191624:pre:e2e,2026-02-05T19:16:52.232053+00:00,7ed19c558ceb,20260203_perf_improvement,5,23533,23457,76,53,0,0,0,0,0,1096986927,459679136,576612398,0,347982376,500002,5001430,0,0,0,0,40970198,40970259,81940457
perf_cycle,benchmarks/perf_cycles/2026-02-05_191624/post_fullscale.json,2026-02-05_191624,post,full-scale,2026-02-05_191624:post:full-scale,2026-02-05T19:17:00.613432+00:00,7ed19c558ceb,20260203_perf_improvement,6,603,0,603,345,16,0,204,0,0,2087646063,963670016,1218,2240,692643344,600000,10001750,0,1,5000000,100100,,,
perf_cycle,benchmarks/perf_cycles/2026-02-05_191624/post_e2e.json,2026-02-05_191624,post,e2e,2026-02-05_191624:post:e2e,2026-02-05T19:17:23.937650+00:00,7ed19c558ceb,20260203_perf_improvement,5,23896,23819,77,54,0,0,0,0,0,1096986927,459679136,576612398,0,347982376,500002,5001430,0,0,0,0,40970198,40970259,81940457
perf_cycle,benchmarks/perf_cycles/2026-02-05_192131/pre_fullscale.json,2026-02-05_192131,pre,full-scale,2026-02-05_192131:pre:full-scale,2026-02-05T19:21:35.609509+00:00,7ed19c558ceb,20260203_perf_improvement,6,719,0,719,465,18,0,200,0,0,2083320639,963670016,1218,2240,692643344,600000,10001750,0,1,5000000,100100,,,
perf_cycle,benchmarks/perf_cycles/2026-02-05_192131/pre_e2e.json,2026-02-05_192131,pre,e2e,2026-02-05_192131:pre:e2e,2026-02-05T19:24:18.363851+00:00,7ed19c558ceb,20260203_perf_improvement,5,24987,24906,81,57,0,0,0,0,0,1096986927,459679136,576612398,0,347982376,500002,5001430,0,0,0,0,40970205,40970260,81940465
perf_cycle,benchmarks/perf_cycles/2026-02-05_192612/pre_fullscale.json,2026-02-05_192612,pre,full-scale,2026-02-05_192612:pre:full-scale,2026-02-05T19:26:17.065644+00:00,7ed19c558ceb,20260203_perf_improvement,6,608,0,608,349,19,0,206,0,0,2086564703,963670016,1218,2240,692643344,600000,10001750,0,1,5000000,100100,,,
perf_cycle,benchmarks/perf_cycles/2026-02-05_192612/pre_e2e.json,2026-02-05_192612,pre,e2e,2026-02-05_192612:pre:e2e,2026-02-05T19:29:10.417224+00:00,7ed19c558ceb,20260203_perf_improvement,5,29638,29542,96,67,0,0,0,0,0,1096986927,459679136,576612398,0,347982376,500002,5001430,0,0,0,0,40970207,40970261,81940468
perf_cycle,benchmarks/perf_cycles/2026-02-05_192612/post_fullscale.json,2026-02-05_192612,post,full-scale,2026-02-05_192612:post:full-scale,2026-02-05T19:29:22.583425+00:00,7ed19c558ceb,20260203_perf_improvement,6,628,0,628,355,22,0,211,0,0,2086564703,963670016,1218,2240,692643344,600000,10001750,0,1,5000000,100100,,,
perf_cycle,benchmarks/perf_cycles/2026-02-05_192612/post_e2e.json,2026-02-05_192612,post,e2e,2026-02-05_192612:post:e2e,2026-02-05T19:32:20.922809+00:00,7ed19c558ceb,20260203_perf_improvement,5,26901,26810,91,64,0,0,0,0,0,1096986927,459679136,576612398,0,347982376,500002,5001430,0,0,0,0,40970208,40970261,81940469
perf_cycle,benchmarks/perf_cycles/2026-02-05_194240/pre_fullscale.json,2026-02-05_194240,pre,full-scale,2026-02-05_194240:pre:full-scale,2026-02-05T19:42:46.064888+00:00,7ed19c558ceb,20260203_perf_improvement,6,755,0,755,458,19,0,238,0,0,2086564703,963670016,1218,2240,692643344,600000,10001750,0,1,5000000,100100,,,
perf_cycle,benchmarks/perf_cycles/2026-02-05_194240/pre_e2e.json,2026-02-05_194240,pre,e2e,2026-02-05_194240:pre:e2e,2026-02-05T19:45:53.931280+00:00,7ed19c558ceb,20260203_perf_improvement,5,28963,28875,88,62,0,0,0,0,0,1096986927,459679136,576612398,0,347982376,500002,5001430,0,0,0,0,40970208,40970263,81940471
perf_cycle,benchmarks/perf_cycles/2026-02-05_194240/post_e2e.json,2026-02-05_194240,post,e2e,2026-02-05_194240:post:e2e,2026-02-05T19:55:23.408358+00:00,7ed19c558ceb,20260203_perf_improvement,5,29941,29837,104,78,0,0,0,0,0,1096986927,459679136,576612398,0,347982376,500002,5001430,0,0,0,0,40970210,40970261,81940471
perf_cycle,benchmarks/perf_cycles/2026-02-05_194240/post_fullscale.json,2026-02-05_194240,post,full-scale,2026-02-05_194240:post:full-scale,2026-02-05T19:55:39.558449+00:00,7ed19c558ceb,20260203_perf_improvement,6,759,0,759,457,24,0,245,0,0,2086564703,963670016,1218,2240,692643344,600000,10001750,0,1,5000000,100100,,,
perf_cycle,benchmarks/perf_cycles/2026-02-05_205312/pre_fullscale.json,2026-02-05_205312,pre,full-scale,2026-02-05_205312:pre:full-scale,2026-02-05T20:53:16.968391+00:00,902329b83cc4,20260203_perf_improvement,6,597,0,597,346,17,0,203,0,0,2086564703,963670016,1218,2240,692643344,600000,10001750,0,1,5000000,100100,,,
perf_cycle,benchmarks/perf_cycles/2026-02-05_205312/pre_e2e.json,2026-02-05_205312,pre,e2e,2026-02-05_205312:pre:e2e,2026-02-05T20:53:34.947740+00:00,902329b83cc4,20260203_perf_improvement,5,18757,18687,70,52,0,0,0,0,0,1096986927,459679136,576612398,0,347982376,500002,5001430,0,0,0,0,40970205,40970261,81940466
perf_cycle,benchmarks/perf_cycles/2026-02-05_205312/post_fullscale.json,2026-02-05_205312,post,full-scale,2026-02-05_205312:post:full-scale,2026-02-05T20:55:26.592001+00:00,902329b83cc4,20260203_perf_improvement,6,605,0,605,338,20,0,207,0,0,2087646063,963670016,1218,2240,692643344,600000,10001750,0,1,5000000,100100,,,
perf_cycle,benchmarks/perf_cycles/2026-02-05_205312/post_e2e.json,2026-02-05_205312,post,e2e,2026-02-05_205312:post:e2e,2026-02-05T20:55:53.443515+00:00,902329b83cc4,20260203_perf_improvement,5,18501,18425,76,55,0,0,0,0,0,1096986927,459679136,576612398,0,347982376,500002,5001430,0,0,0,0,40970205,40970261,81940466
perf_cycle,benchmarks/perf_cycles/2026-02-05_213657/pre_fullscale_run1.json,2026-02-05_213657,pre,full-scale,2026-02-05_213657:pre:full-scale,2026-02-05T21:37:03.845697+00:00,3c90b94aec14,20260203_perf_improvement,6,948,0,948,524,28,0,338,0,0,2087646063,963670016,1218,2240,692643344,600000,10001750,0,1,5000000,100100,,,
perf_cycle,benchmarks/perf_cycles/2026-02-05_213657/pre_fullscale.json,2026-02-05_213657,pre,full-scale,2026-02-05_213657:pre:full-scale,2026-02-05T21:37:03.860604+00:00,3c90b94aec14,20260203_perf_improvement,6,948,0,948,524,28,0,338,0,0,2087646063,963670016,1218,2240,692643344,600000,10001750,0,1,5000000,100100,,,
perf_cycle,benchmarks/perf_cycles/2026-02-05_213657/pre_e2e_run1.json,2026-02-05_213657,pre,e2e,2026-02-05_213657:pre:e2e,2026-02-05T21:37:30.935131+00:00,3c90b94aec14,20260203_perf_improvement,5,27731,27620,111,74,0,0,0,0,0,1096986927,459679136,576612398,0,347982376,500002,5001430,0,0,0,0,40970203,40970258,81940461
perf_cycle,benchmarks/perf_cycles/2026-02-05_213657/pre_e2e.json,2026-02-05_213657,pre,e2e,2026-02-05_213657:pre:e2e,2026-02-05T21:37:30.948602+00:00,3c90b94aec14,20260203_perf_improvement,5,27731,27620,111,74,0,0,0,0,0,1096986927,459679136,576612398,0,347982376,500002,5001430,0,0,0,0,40970203,40970258,81940461
perf_cycle,benchmarks/perf_cycles/2026-02-05_213657/post_fullscale_run1.json,2026-02-05_213657,post,full-scale,2026-02-05_213657:post:full-scale,2026-02-05T21:37:42.967366+00:00,3c90b94aec14,20260203_perf_improvement,6,906,0,906,539,31,0,285,0,0,2082801999,963670016,1218,2240,692643344,600000,10001750,0,1,5000000,100100,,,
perf_cycle,benchmarks/perf_cycles/2026-02-05_213657/post_fullscale.json,2026-02-05_213657,post,full-scale,2026-02-05_213657:post:full-scale,2026-02-05T21:37:42.984996+00:00,3c90b94aec14,20260203_perf_improvement,6,906,0,906,539,31,0,285,0,0,2082801999,963670016,1218,2240,692643344,600000,10001750,0,1,5000000,100100,,,
perf_cycle,benchmarks/perf_cycles/2026-02-05_213657/post_e2e_run1.json,2026-02-05_213657,post,e2e,2026-02-05_213657:post:e2e,2026-02-05T21:38:09.389084+00:00,3c90b94aec14,20260203_perf_improvement,5,27646,27536,110,84,0,0,0,0,0,1096986927,459679136,576612398,0,347982376,500002,5001430,0,0,0,0,40970203,40970258,81940461
perf_cycle,benchmarks/perf_cycles/2026-02-05_213657/post_e2e.json,2026-02-05_213657,post,e2e,2026-02-05_213657:post:e2e,2026-02-05T21:38:09.402390+00:00,3c90b94aec14,20260203_perf_improvement,5,27646,27536,110,84,0,0,0,0,0,1096986927,459679136,576612398,0,347982376,500002,5001430,0,0,0,0,40970203,40970258,81940461
perf_cycle,benchmarks/perf_cycles/2026-02-05_220742/pre_fullscale_run1.json,2026-02-05_220742,pre,full-scale,2026-02-05_220742:pre:full-scale,2026-02-05T22:07:46.916903+00:00,4be308bcbaa6,20260203_perf_improvement,6,734,0,734,390,20,0,283,0,0,2087646063,963670016,1218,2240,692643344,600000,10001750,0,1,5000000,100100,,,
perf_cycle,benchmarks/perf_cycles/2026-02-05_220742/pre_fullscale_run2.json,2026-02-05_220742,pre,full-scale,2026-02-05_220742:pre:full-scale,2026-02-05T22:07:51.730894+00:00,4be308bcbaa6,20260203_perf_improvement,6,645,0,645,362,23,0,219,0,0,2084942687,963670016,1218,2240,692643344,600000,10001750,0,1,5000000,100100,,,
perf_cycle,benchmarks/perf_cycles/2026-02-05_220742/pre_fullscale_run3.json,2026-02-05_220742,pre,full-scale,2026-02-05_220742:pre:full-scale,2026-02-05T22:07:55.218093+00:00,4be308bcbaa6,20260203_perf_improvement,6,680,0,680,402,25,0,209,0,0,2086564703,963670016,1218,2240,692643344,600000,10001750,0,1,5000000,100100,,,
perf_cycle,benchmarks/perf_cycles/2026-02-05_220742/pre_fullscale.json,2026-02-05_220742,pre,full-scale,2026-02-05_220742:pre:full-scale,2026-02-05T22:07:55.230504+00:00,4be308bcbaa6,20260203_perf_improvement,6,660,0,660,380,23,0,219,0,0,2086564703,963670016,1218,2240,692643344,600000,10001750,0,1,5000000,100100,,,
perf_cycle,benchmarks/perf_cycles/2026-02-05_220742/pre_e2e_run1.json,2026-02-05_220742,pre,e2e,2026-02-05_220742:pre:e2e,2026-02-05T22:08:15.718243+00:00,4be308bcbaa6,20260203_perf_improvement,5,19980,19906,74,56,0,0,0,0,0,1096986927,459679136,576612398,0,347982376,500002,5001430,0,0,0,0,40970203,40970258,81940461
perf_cycle,benchmarks/perf_cycles/2026-02-05_220742/pre_e2e_run2.json,2026-02-05_220742,pre,e2e,2026-02-05_220742:pre:e2e,2026-02-05T22:08:35.438329+00:00,4be308bcbaa6,20260203_perf_improvement,5,20569,20490,79,58,0,0,0,0,0,1096986927,459679136,576612398,0,347982376,500002,5001430,0,0,0,0,40970203,40970258,81940461
perf_cycle,benchmarks/perf_cycles/2026-02-05_220742/pre_e2e_run3.json,2026-02-05_220742,pre,e2e,2026-02-05_220742:pre:e2e,2026-02-05T22:08:55.635868+00:00,4be308bcbaa6,20260203_perf_improvement,5,19724,19646,78,58,0,0,0,0,0,1096986927,459679136,576612398,0,347982376,500002,5001430,0,0,0,0,40970203,40970258,81940461
perf_cycle,benchmarks/perf_cycles/2026-02-05_220742/pre_e2e.json,2026-02-05_220742,pre,e2e,2026-02-05_220742:pre:e2e,2026-02-05T22:08:55.647768+00:00,4be308bcbaa6,20260203_perf_improvement,5,19983,19910,75,55,0,0,0,0,0,1096986927,459679136,576612398,0,347982376,500002,5001430,0,0,0,0,40970203,40970258,81940461
perf_cycle,benchmarks/perf_cycles/2026-02-05_220742/post_fullscale_run1.json,2026-02-05_220742,post,full-scale,2026-02-05_220742:post:full-scale,2026-02-05T22:11:37.270941+00:00,4be308bcbaa6,20260203_perf_improvement,6,601,0,601,333,21,0,206,0,0,2086564703,963670016,1218,2240,692643344,600000,10001750,0,1,5000000,100100,,,
perf_cycle,benchmarks/perf_cycles/2026-02-05_220742/post_fullscale_run2.json,2026-02-05_220742,post,full-scale,2026-02-05_220742:post:full-scale,2026-02-05T22:11:42.142255+00:00,4be308bcbaa6,20260203_perf_improvement,6,603,0,603,340,18,0,204,0,0,2087646063,963670016,1218,2240,692643344,600000,10001750,0,1,5000000,100100,,,
perf_cycle,benchmarks/perf_cycles/2026-02-05_220742/post_fullscale_run3.json,2026-02-05_220742,post,full-scale,2026-02-05_220742:post:full-scale,2026-02-05T22:11:47.078089+00:00,4be308bcbaa6,20260203_perf_improvement,6,623,0,623,347,21,0,216,0,0,2086564703,963670016,1218,2240,692643344,600000,10001750,0,1,5000000,100100,,,
perf_cycle,benchmarks/perf_cycles/2026-02-05_220742/post_fullscale.json,2026-02-05_220742,post,full-scale,2026-02-05_220742:post:full-scale,2026-02-05T22:11:47.089747+00:00,4be308bcbaa6,20260203_perf_improvement,6,604,0,604,336,21,0,207,0,0,2086564703,963670016,1218,2240,692643344,600000,10001750,0,1,5000000,100100,,,
perf_cycle,benchmarks/perf_cycles/2026-02-05_220742/post_e2e_run1.json,2026-02-05_220742,post,e2e,2026-02-05_220742:post:e2e,2026-02-05T22:12:14.476929+00:00,4be308bcbaa6,20260203_perf_improvement,5,18946,18863,83,61,0,0,0,0,0,1096986927,459679136,576612398,0,347982376,500002,5001430,0,0,0,0,40970203,40970258,81940461
perf_cycle,benchmarks/perf_cycles/2026-02-05_220742/post_e2e_run2.json,2026-02-05_220742,post,e2e,2026-02-05_220742:post:e2e,2026-02-05T22:12:33.437368+00:00,4be308bcbaa6,20260203_perf_improvement,5,19762,19684,78,57,0,0,0,0,0,1096986927,459679136,576612398,0,347982376,500002,5001430,0,0,0,0,40970203,40970258,81940461
perf_cycle,benchmarks/perf_cycles/2026-02-05_220742/post_e2e_run3.json,2026-02-05_220742,post,e2e,2026-02-05_220742:post:e2e,2026-02-05T22:12:53.823111+00:00,4be308bcbaa6,20260203_perf_improvement,5,19722,19640,82,58,0,0,0,0,0,1096986927,459679136,576612398,0,347982376,500002,5001430,0,0,0,0,40970203,40970258,81940461
perf_cycle,benchmarks/perf_cycles/2026-02-05_220742/post_e2e.json,2026-02-05_220742,post,e2e,2026-02-05_220742:post:e2e,2026-02-05T22:12:53.844059+00:00,4be308bcbaa6,20260203_perf_improvement,5,19723,19642,79,57,0,0,0,0,0,1096986927,459679136,576612398,0,347982376,500002,5001430,0,0,0,0,40970203,40970258,81940461
perf_cycle,benchmarks/perf_cycles/2026-02-05_221815/pre_fullscale_run1.json,2026-02-05_221815,pre,full-scale,2026-02-05_221815:pre:full-scale,2026-02-05T22:19:11.445841+00:00,114dc862602c,20260203_perf_improvement,6,619,0,619,351,21,0,213,0,0,2086564703,963670016,1218,2240,692643344,600000,10001750,0,1,5000000,100100,,,
perf_cycle,benchmarks/perf_cycles/2026-02-05_221815/pre_fullscale_run2.json,2026-02-05_221815,pre,full-scale,2026-02-05_221815:pre:full-scale,2026-02-05T22:19:14.945959+00:00,114dc862602c,20260203_perf_improvement,6,602,0,602,346,19,0,203,0,0,2086564703,963670016,1218,2240,692643344,600000,10001750,0,1,5000000,100100,,,
perf_cycle,benchmarks/perf_cycles/2026-02-05_221815/pre_fullscale_run3.json,2026-02-05_221815,pre,full-scale,2026-02-05_221815:pre:full-scale,2026-02-05T22:19:19.793665+00:00,114dc862602c,20260203_perf_improvement,6,600,0,600,336,19,0,209,0,0,2086564703,963670016,1218,2240,692643344,600000,10001750,0,1,5000000,100100,,,
perf_cycle,benchmarks/perf_cycles/2026-02-05_221815/pre_fullscale.json,2026-02-05_221815,pre,full-scale,2026-02-05_221815:pre:full-scale,2026-02-05T22:19:19.805452+00:00,114dc862602c,20260203_perf_improvement,6,600,0,600,340,19,0,207,0,0,2086564703,963670016,1218,2240,692643344,600000,10001750,0,1,5000000,100100,,,
perf_cycle,benchmarks/perf_cycles/2026-02-05_221815/pre_e2e_run1.json,2026-02-05_221815,pre,e2e,2026-02-05_221815:pre:e2e,2026-02-05T22:19:53.126764+00:00,114dc862602c,20260203_perf_improvement,5,20614,20531,83,62,0,0,0,0,0,1096986927,459679136,576612398,0,347982376,500002,5001430,0,0,0,0,40970203,40970258,81940461
perf_cycle,benchmarks/perf_cycles/2026-02-05_221815/pre_e2e_run2.json,2026-02-05_221815,pre,e2e,2026-02-05_221815:pre:e2e,2026-02-05T22:20:13.699760+00:00,114dc862602c,20260203_perf_improvement,5,20070,19992,78,57,0,0,0,0,0,1096986927,459679136,576612398,0,347982376,500002,5001430,0,0,0,0,40970203,40970258,81940461
perf_cycle,benchmarks/perf_cycles/2026-02-05_221815/pre_e2e_run3.json,2026-02-05_221815,pre,e2e,2026-02-05_221815:pre:e2e,2026-02-05T22:20:32.515992+00:00,114dc862602c,20260203_perf_improvement,5,19613,19532,81,57,0,0,0,0,0,1096986927,459679136,576612398,0,347982376,500002,5001430,0,0,0,0,40970203,40970258,81940461
perf_cycle,benchmarks/perf_cycles/2026-02-05_221815/pre_e2e.json,2026-02-05_221815,pre,e2e,2026-02-05_221815:pre:e2e,2026-02-05T22:20:32.526116+00:00,114dc862602c,20260203_perf_improvement,5,20045,19964,80,58,0,0,0,0,0,1096986927,459679136,576612398,0,347982376,500002,5001430,0,0,0,0,40970203,40970258,81940461
perf_cycle,benchmarks/perf_cycles/2026-02-05_221815/post_fullscale_run1.json,2026-02-05_221815,post,full-scale,2026-02-05_221815:post:full-scale,2026-02-05T22:22:50.664711+00:00,114dc862602c,20260203_perf_improvement,6,599,0,599,340,19,0,206,0,0,2086564703,963670016,1218,2240,692643344,600000,10001750,0,1,5000000,100100,,,
perf_cycle,benchmarks/perf_cycles/2026-02-05_221815/post_fullscale_run2.json,2026-02-05_221815,post,full-scale,2026-02-05_221815:post:full-scale,2026-02-05T22:22:55.497728+00:00,114dc862602c,20260203_perf_improvement,6,606,0,606,341,20,0,206,0,0,2086564703,963670016,1218,2240,692643344,600000,10001750,0,1,5000000,100100,,,
perf_cycle,benchmarks/perf_cycles/2026-02-05_221815/post_fullscale_run3.json,2026-02-05_221815,post,full-scale,2026-02-05_221815:post:full-scale,2026-02-05T22:23:00.355464+00:00,114dc862602c,20260203_perf_improvement,6,628,0,628,345,25,0,220,0,0,2084942687,963670016,1218,2240,692643344,600000,10001750,0,1,5000000,100100,,,
perf_cycle,benchmarks/perf_cycles/2026-02-05_221815/post_fullscale.json,2026-02-05_221815,post,full-scale,2026-02-05_221815:post:full-scale,2026-02-05T22:23:00.366363+00:00,114dc862602c,20260203_perf_improvement,6,607,0,607,341,20,0,206,0,0,2086564703,963670016,1218,2240,692643344,600000,10001750,0,1,5000000,100100,,,
perf_cycle,benchmarks/perf_cycles/2026-02-05_221815/post_e2e_run1.json,2026-02-05_221815,post,e2e,2026-02-05_221815:post:e2e,2026-02-05T22:23:28.592867+00:00,114dc862602c,20260203_perf_improvement,5,19545,19456,89,62,0,0,0,0,0,1096986927,459679136,576612398,0,347982376,500002,5001430,0,0,0,0,40970203,40970258,81940461
perf_cycle,benchmarks/perf_cycles/2026-02-05_221815/post_e2e_run2.json,2026-02-05_221815,post,e2e,2026-02-05_221815:post:e2e,2026-02-05T22:23:48.710222+00:00,114dc862602c,20260203_perf_improvement,5,19622,19541,81,57,0,0,0,0,0,1096986927,459679136,576612398,0,347982376,500002,5001430,0,0,0,0,40970203,40970258,81940461
perf_cycle,benchmarks/perf_cycles/2026-02-05_221815/post_e2e_run3.json,2026-02-05_221815,post,e2e,2026-02-05_221815:post:e2e,2026-02-05T22:24:07.448907+00:00,114dc862602c,20260203_perf_improvement,5,19599,19517,82,56,0,0,0,0,0,1096986927,459679136,576612398,0,347982376,500002,5001430,0,0,0,0,40970203,40970258,81940461
perf_cycle,benchmarks/perf_cycles/2026-02-05_221815/post_e2e.json,2026-02-05_221815,post,e2e,2026-02-05_221815:post:e2e,2026-02-05T22:24:07.460411+00:00,114dc862602c,20260203_perf_improvement,5,19574,19489,83,57,0,0,0,0,0,1096986927,459679136,576612398,0,347982376,500002,5001430,0,0,0,0,40970203,40970258,81940461
perf_cycle,benchmarks/perf_cycles/2026-02-05_223828/pre_fullscale_run1.json,2026-02-05_223828,pre,full-scale,2026-02-05_223828:pre:full-scale,2026-02-05T22:38:32.490257+00:00,a3a19be67121,20260203_perf_improvement,6,756,0,756,440,20,0,260,0,0,2086564703,963670016,1218,2240,692643344,600000,10001750,0,1,5000000,100100,,,
perf_cycle,benchmarks/perf_cycles/2026-02-05_223828/pre_fullscale_run2.json,2026-02-05_223828,pre,full-scale,2026-02-05_223828:pre:full-scale,2026-02-05T22:38:37.621672+00:00,a3a19be67121,20260203_perf_improvement,6,694,0,694,405,23,0,230,0,0,2082801999,963670016,1218,2240,692643344,600000,10001750,0,1,5000000,100100,,,
perf_cycle,benchmarks/perf_cycles/2026-02-05_223828/pre_fullscale_run3.json,2026-02-05_223828,pre,full-scale,2026-02-05_223828:pre:full-scale,2026-02-05T22:38:43.022409+00:00,a3a19be67121,20260203_perf_improvement,6,786,0,786,403,21,0,326,0,0,2084942687,963670016,1218,2240,692643344,600000,10001750,0,1,5000000,100100,,,
perf_cycle,benchmarks/perf_cycles/2026-02-05_223828/pre_fullscale.json,2026-02-05_223828,pre,full-scale,2026-02-05_223828:pre:full-scale,2026-02-05T22:38:43.033432+00:00,a3a19be67121,20260203_perf_improvement,6,744,0,744,408,21,0,259,0,0,2084942687,963670016,1218,2240,692643344,600000,10001750,0,1,5000000,100100,,,
perf_cycle,benchmarks/perf_cycles/2026-02-05_223828/pre_e2e_run1.json,2026-02-05_223828,pre,e2e,2026-02-05_223828:pre:e2e,2026-02-05T22:39:04.770762+00:00,a3a19be67121,20260203_perf_improvement,5,22570,22479,91,65,0,0,0,0,0,1096986927,459679136,576612398,0,347982376,500002,5001430,0,0,0,0,40970203,40970258,81940461
perf_cycle,benchmarks/perf_cycles/2026-02-05_223828/pre_e2e_run2.json,2026-02-05_223828,pre,e2e,2026-02-05_223828:pre:e2e,2026-02-05T22:39:26.372772+00:00,a3a19be67121,20260203_perf_improvement,5,21091,21004,87,59,0,0,0,0,0,1096986927,459679136,576612398,0,347982376,500002,5001430,0,0,0,0,40970203,40970258,81940461
perf_cycle,benchmarks/perf_cycles/2026-02-05_223828/pre_e2e_run3.json,2026-02-05_223828,pre,e2e,2026-02-05_223828:pre:e2e,2026-02-05T22:39:45.098031+00:00,a3a19be67121,20260203_perf_improvement,5,19624,19541,83,58,0,0,0,0,0,1096986927,459679136,576612398,0,347982376,500002,5001430,0,0,0,0,40970203,40970258,81940461
perf_cycle,benchmarks/perf_cycles/2026-02-05_223828/pre_e2e.json,2026-02-05_223828,pre,e2e,2026-02-05_223828:pre:e2e,2026-02-05T22:39:45.108935+00:00,a3a19be67121,20260203_perf_improvement,5,20816,20728,86,60,0,0,0,0,0,1096986927,459679136,576612398,0,347982376,500002,5001430,0,0,0,0,40970203,40970258,81940461
perf_cycle,benchmarks/perf_cycles/2026-02-05_223828/post_fullscale_run1.json,2026-02-05_223828,post,full-scale,2026-02-05_223828:post:full-scale,2026-02-05T22:40:53.122286+00:00,a3a19be67121,20260203_perf_improvement,6,614,0,614,344,22,0,213,0,0,2084942687,963670016,1218,2240,692643344,600000,10001750,0,1,5000000,100100,,,
perf_cycle,benchmarks/perf_cycles/2026-02-05_223828/post_fullscale_run2.json,2026-02-05_223828,post,full-scale,2026-02-05_223828:post:full-scale,2026-02-05T22:40:58.434126+00:00,a3a19be67121,20260203_perf_improvement,6,783,0,783,486,20,0,242,0,0,2087646063,963670016,1218,2240,692643344,600000,10001750,0,1,5000000,100100,,,
perf_cycle,benchmarks/perf_cycles/2026-02-05_223828/post_fullscale_run3.json,2026-02-05_223828,post,full-scale,2026-02-05_223828:post:full-scale,2026-02-05T22:41:03.198650+00:00,a3a19be67121,20260203_perf_improvement,6,629,0,629,351,22,0,218,0,0,2087646063,963670016,1218,2240,692643344,600000,10001750,0,1,5000000,100100,,,
perf_cycle,benchmarks/perf_cycles/2026-02-05_223828/post_fullscale.json,2026-02-05_223828,post,full-scale,2026-02-05_223828:post:full-scale,2026-02-05T22:41:03.211386+00:00,a3a19be67121,20260203_perf_improvement,6,626,0,626,354,22,0,219,0,0,2087646063,963670016,1218,2240,692643344,600000,10001750,0,1,5000000,100100,,,
perf_cycle,benchmarks/perf_cycles/2026-02-05_223828/post_e2e_run1.json,2026-02-05_223828,post,e2e,2026-02-05_223828:post:e2e,2026-02-05T22:41:30.391127+00:00,a3a19be67121,20260203_perf_improvement,5,19023,18946,77,57,0,0,0,0,0,1096986927,459679136,576612398,0,347982376,500002,5001430,0,0,0,0,40970203,40970258,81940461
perf_cycle,benchmarks/perf_cycles/2026-02-05_223828/post_e2e_run2.json,2026-02-05_223828,post,e2e,2026-02-05_223828:post:e2e,2026-02-05T22:41:49.872834+00:00,a3a19be67121,20260203_perf_improvement,5,18988,18911,77,56,0,0,0,0,0,1096986927,459679136,576612398,0,347982376,500002,5001430,0,0,0,0,40970203,40970258,81940461
perf_cycle,benchmarks/perf_cycles/2026-02-05_223828/post_e2e_run3.json,2026-02-05_223828,post,e2e,2026-02-05_223828:post:e2e,2026-02-05T22:42:07.972516+00:00,a3a19be67121,20260203_perf_improvement,5,19498,19418,80,59,0,0,0,0,0,1096986927,459679136,576612398,0,347982376,500002,5001430,0,0,0,0,40970203,40970258,81940461
perf_cycle,benchmarks/perf_cycles/2026-02-05_223828/post_e2e.json,2026-02-05_223828,post,e2e,2026-02-05_223828:post:e2e,2026-02-05T22:42:07.983986+00:00,a3a19be67121,20260203_perf_improvement,5,19034,18955,78,57,0,0,0,0,0,1096986927,459679136,576612398,0,347982376,500002,5001430,0,0,0,0,40970203,40970258,81940461
perf_cycle,benchmarks/perf_cycles/2026-02-05_224626/pre_fullscale_run1.json,2026-02-05_224626,pre,full-scale,2026-02-05_224626:pre:full-scale,2026-02-05T22:47:05.389103+00:00,a3a19be67121,20260203_perf_improvement,6,646,0,646,389,18,0,204,0,0,2086564703,963670016,1218,2240,692643344,600000,10001750,0,1,5000000,100100,,,
perf_cycle,benchmarks/perf_cycles/2026-02-05_224626/pre_fullscale_run2.json,2026-02-05_224626,pre,full-scale,2026-02-05_224626:pre:full-scale,2026-02-05T22:47:10.002224+00:00,a3a19be67121,20260203_perf_improvement,6,623,0,623,344,20,0,223,0,0,2087646063,963670016,1218,2240,692643344,600000,10001750,0,1,5000000,100100,,,
perf_cycle,benchmarks/perf_cycles/2026-02-05_224626/pre_fullscale_run3.json,2026-02-05_224626,pre,full-scale,2026-02-05_224626:pre:full-scale,2026-02-05T22:47:14.543483+00:00,a3a19be67121,20260203_perf_improvement,6,565,0,565,315,21,0,192,0,0,2083320639,963670016,1218,2240,692643344,600000,10001750,0,1,5000000,100100,,,
perf_cycle,benchmarks/perf_cycles/2026-02-05_224626/pre_fullscale_run4.json,2026-02-05_224626,pre,full-scale,2026-02-05_224626:pre:full-scale,2026-02-05T22:47:17.259841+00:00,a3a19be67121,20260203_perf_improvement,6,570,0,570,321,17,0,199,0,0,2086564703,963670016,1218,2240,692643344,600000,10001750,0,1,5000000,100100,,,
perf_cycle,benchmarks/perf_cycles/2026-02-05_224626/pre_fullscale_run5.json,2026-02-05_224626,pre,full-scale,2026-02-05_224626:pre:full-scale,2026-02-05T22:47:21.818703+00:00,a3a19be67121,20260203_perf_improvement,6,573,0,573,325,19,0,195,0,0,2086564703,963670016,1218,2240,692643344,600000,10001750,0,1,5000000,100100,,,
perf_cycle,benchmarks/perf_cycles/2026-02-05_224626/pre_fullscale.json,2026-02-05_224626,pre,full-scale,2026-02-05_224626:pre:full-scale,2026-02-05T22:47:21.830155+00:00,a3a19be67121,20260203_perf_improvement,6,578,0,578,327,19,0,198,0,0,2086564703,963670016,1218,2240,692643344,600000,10001750,0,1,5000000,100100,,,
perf_cycle,benchmarks/perf_cycles/2026-02-05_224626/pre_e2e_run1.json,2026-02-05_224626,pre,e2e,2026-02-05_224626:pre:e2e,2026-02-05T22:47:49.507912+00:00,a3a19be67121,20260203_perf_improvement,5,18565,18488,77,53,0,0,0,0,0,1096986927,459679136,576612398,0,347982376,500002,5001430,0,0,0,0,40970203,40970258,81940461
perf_cycle,benchmarks/perf_cycles/2026-02-05_224626/pre_e2e_run2.json,2026-02-05_224626,pre,e2e,2026-02-05_224626:pre:e2e,2026-02-05T22:48:06.368397+00:00,a3a19be67121,20260203_perf_improvement,5,17945,17869,76,55,0,0,0,0,0,1096986927,459679136,576612398,0,347982376,500002,5001430,0,0,0,0,40970203,40970258,81940461
perf_cycle,benchmarks/perf_cycles/2026-02-05_224626/pre_e2e_run3.json,2026-02-05_224626,pre,e2e,2026-02-05_224626:pre:e2e,2026-02-05T22:48:25.140186+00:00,a3a19be67121,20260203_perf_improvement,5,18302,18219,83,55,0,0,0,0,0,1096986927,459679136,576612398,0,347982376,500002,5001430,0,0,0,0,40970203,40970258,81940461
perf_cycle,benchmarks/perf_cycles/2026-02-05_224626/pre_e2e_run4.json,2026-02-05_224626,pre,e2e,2026-02-05_224626:pre:e2e,2026-02-05T22:48:46.756511+00:00,a3a19be67121,20260203_perf_improvement,5,20313,20234,79,53,0,0,0,0,0,1096986927,459679136,576612398,0,347982376,500002,5001430,0,0,0,0,40970203,40970258,81940461
perf_cycle,benchmarks/perf_cycles/2026-02-05_224626/pre_e2e_run5.json,2026-02-05_224626,pre,e2e,2026-02-05_224626:pre:e2e,2026-02-05T22:49:05.938424+00:00,a3a19be67121,20260203_perf_improvement,5,19357,19268,89,63,0,0,0,0,0,1096986927,459679136,576612398,0,347982376,500002,5001430,0,0,0,0,40970203,40970258,81940461
perf_cycle,benchmarks/perf_cycles/2026-02-05_224626/pre_e2e.json,2026-02-05_224626,pre,e2e,2026-02-05_224626:pre:e2e,2026-02-05T22:49:05.951959+00:00,a3a19be67121,20260203_perf_improvement,5,18533,18453,80,54,0,0,0,0,0,1096986927,459679136,576612398,0,347982376,500002,5001430,0,0,0,0,40970203,40970258,81940461
perf_cycle,benchmarks/perf_cycles/2026-02-05_224626/post_fullscale_run1.json,2026-02-05_224626,post,full-scale,2026-02-05_224626:post:full-scale,2026-02-05T22:51:47.164674+00:00,a3a19be67121,20260203_perf_improvement,6,668,0,668,372,23,0,242,0,0,2086564703,963670016,1218,2240,692643344,600000,10001750,0,1,5000000,100100,,,
perf_cycle,benchmarks/perf_cycles/2026-02-05_224626/post_fullscale_run2.json,2026-02-05_224626,post,full-scale,2026-02-05_224626:post:full-scale,2026-02-05T22:51:51.489432+00:00,a3a19be67121,20260203_perf_improvement,6,575,0,575,319,17,0,208,0,0,2084942687,963670016,1218,2240,692643344,600000,10001750,0,1,5000000,100100,,,
perf_cycle,benchmarks/perf_cycles/2026-02-05_224626/post_fullscale_run3.json,2026-02-05_224626,post,full-scale,2026-02-05_224626:post:full-scale,2026-02-05T22:51:55.994103+00:00,a3a19be67121,20260203_perf_improvement,6,585,0,585,335,18,0,199,0,0,2084942687,963670016,1218,2240,692643344,600000,10001750,0,1,5000000,100100,,,
perf_cycle,benchmarks/perf_cycles/2026-02-05_224626/post_fullscale_run4.json,2026-02-05_224626,post,full-scale,2026-02-05_224626:post:full-scale,2026-02-05T22:52:00.468530+00:00,a3a19be67121,20260203_perf_improvement,6,617,0,617,363,21,0,203,0,0,2084942687,963670016,1218,2240,692643344,600000,10001750,0,1,5000000,100100,,,
perf_cycle,benchmarks/perf_cycles/2026-02-05_224626/post_fullscale_run5.json,2026-02-05_224626,post,full-scale,2026-02-05_224626:post:full-scale,2026-02-05T22:52:04.846952+00:00,a3a19be67121,20260203_perf_improvement,6,590,0,590,326,20,0,211,0,0,2086564703,963670016,1218,2240,692643344,600000,10001750,0,1,5000000,100100,,,
perf_cycle,benchmarks/perf_cycles/2026-02-05_224626/post_fullscale.json,2026-02-05_224626,post,full-scale,2026-02-05_224626:post:full-scale,2026-02-05T22:52:04.858085+00:00,a3a19be67121,20260203_perf_improvement,6,589,0,589,332,20,0,208,0,0,2084942687,963670016,1218,2240,692643344,600000,10001750,0,1,5000000,100100,,,
perf_cycle,benchmarks/perf_cycles/2026-02-05_224626/post_e2e_run1.json,2026-02-05_224626,post,e2e,2026-02-05_224626:post:e2e,2026-02-05T22:52:22.797161+00:00,a3a19be67121,20260203_perf_improvement,5,18416,18338,78,53,0,0,0,0,0,1096986927,459679136,576612398,0,347982376,500002,5001430,0,0,0,0,40970203,40970258,81940461
perf_cycle,benchmarks/perf_cycles/2026-02-05_224626/post_e2e_run2.json,2026-02-05_224626,post,e2e,2026-02-05_224626:post:e2e,2026-02-05T22:52:42.150925+00:00,a3a19be67121,20260203_perf_improvement,5,18920,18850,70,51,0,0,0,0,0,1096986927,459679136,576612398,0,347982376,500002,5001430,0,0,0,0,40970203,40970258,81940461
perf_cycle,benchmarks/perf_cycles/2026-02-05_224626/post_e2e_run3.json,2026-02-05_224626,post,e2e,2026-02-05_224626:post:e2e,2026-02-05T22:53:00.835219+00:00,a3a19be67121,20260203_perf_improvement,5,19127,19044,83,57,0,0,0,0,0,1096986927,459679136,576612398,0,347982376,500002,5001430,0,0,0,0,40970203,40970258,81940461
perf_cycle,benchmarks/perf_cycles/2026-02-05_224626/post_e2e_run4.json,2026-02-05_224626,post,e2e,2026-02-05_224626:post:e2e,2026-02-05T22:53:19.934154+00:00,a3a19be67121,20260203_perf_improvement,5,19562,19484,78,55,0,0,0,0,0,1096986927,459679136,576612398,0,347982376,500002,5001430,0,0,0,0,40970203,40970258,81940461
perf_cycle,benchmarks/perf_cycles/2026-02-05_224626/post_e2e_run5.json,2026-02-05_224626,post,e2e,2026-02-05_224626:post:e2e,2026-02-05T22:53:40.011171+00:00,a3a19be67121,20260203_perf_improvement,5,19609,19529,80,58,0,0,0,0,0,1096986927,459679136,576612398,0,347982376,500002,5001430,0,0,0,0,40970203,40970258,81940461
perf_cycle,benchmarks/perf_cycles/2026-02-05_224626/post_e2e.json,2026-02-05_224626,post,e2e,2026-02-05_224626:post:e2e,2026-02-05T22:53:40.021910+00:00,a3a19be67121,20260203_perf_improvement,5,19122,19043,78,54,0,0,0,0,0,1096986927,459679136,576612398,0,347982376,500002,5001430,0,0,0,0,40970203,40970258,81940461
perf_cycle,benchmarks/perf_cycles/2026-02-06_014829/pre_fullscale_run1.json,2026-02-06_014829,pre,full-scale,2026-02-06_014829:pre:full-scale,2026-02-06T01:49:08.754374+00:00,a3a19be67121,20260203_perf_improvement,6,660,0,660,370,24,0,225,0,0,2084942687,963670016,1218,2240,692643344,600000,10001750,0,1,5000000,100100,,,
perf_cycle,benchmarks/perf_cycles/2026-02-06_014829/pre_fullscale_run2.json,2026-02-06_014829,pre,full-scale,2026-02-06_014829:pre:full-scale,2026-02-06T01:49:14.013558+00:00,a3a19be67121,20260203_perf_improvement,6,657,0,657,373,21,0,218,0,0,2087646063,963670016,1218,2240,692643344,600000,10001750,0,1,5000000,100100,,,
perf_cycle,benchmarks/perf_cycles/2026-02-06_014829/pre_fullscale_run3.json,2026-02-06_014829,pre,full-scale,2026-02-06_014829:pre:full-scale,2026-02-06T01:49:19.328136+00:00,a3a19be67121,20260203_perf_improvement,6,636,0,636,352,19,0,222,0,0,2087646063,963670016,1218,2240,692643344,600000,10001750,0,1,5000000,100100,,,
perf_cycle,benchmarks/perf_cycles/2026-02-06_014829/pre_fullscale.json,2026-02-06_014829,pre,full-scale,2026-02-06_014829:pre:full-scale,2026-02-06T01:49:19.338861+00:00,a3a19be67121,20260203_perf_improvement,6,659,0,659,370,21,0,223,0,0,2087646063,963670016,1218,2240,692643344,600000,10001750,0,1,5000000,100100,,,
perf_cycle,benchmarks/perf_cycles/2026-02-06_014829/pre_e2e_run1.json,2026-02-06_014829,pre,e2e,2026-02-06_014829:pre:e2e,2026-02-06T01:49:39.216574+00:00,a3a19be67121,20260203_perf_improvement,5,20873,20781,92,62,0,0,0,0,0,1096986927,459679136,576612398,0,347982376,500002,5001430,0,0,0,0,40970203,40970258,81940461
perf_cycle,benchmarks/perf_cycles/2026-02-06_014829/pre_e2e_run2.json,2026-02-06_014829,pre,e2e,2026-02-06_014829:pre:e2e,2026-02-06T01:50:00.630664+00:00,a3a19be67121,20260203_perf_improvement,5,20841,20748,93,62,0,0,0,0,0,1096986927,459679136,576612398,0,347982376,500002,5001430,0,0,0,0,40970203,40970258,81940461
perf_cycle,benchmarks/perf_cycles/2026-02-06_014829/pre_e2e_run3.json,2026-02-06_014829,pre,e2e,2026-02-06_014829:pre:e2e,2026-02-06T01:50:21.100704+00:00,a3a19be67121,20260203_perf_improvement,5,21503,21414,89,60,0,0,0,0,0,1096986927,459679136,576612398,0,347982376,500002,5001430,0,0,0,0,40970203,40970258,81940461
perf_cycle,benchmarks/perf_cycles/2026-02-06_014829/pre_e2e.json,2026-02-06_014829,pre,e2e,2026-02-06_014829:pre:e2e,2026-02-06T01:50:21.111603+00:00,a3a19be67121,20260203_perf_improvement,5,20928,20836,92,62,0,0,0,0,0,1096986927,459679136,576612398,0,347982376,500002,5001430,0,0,0,0,40970203,40970258,81940461
perf_cycle,benchmarks/perf_cycles/2026-02-06_014829/post_fullscale_run1.json,2026-02-06_014829,post,full-scale,2026-02-06_014829:post:full-scale,2026-02-06T01:56:40.035843+00:00,a3a19be67121,20260203_perf_improvement,6,651,0,651,360,23,0,228,0,0,2084401999,963670016,1218,2240,692643344,600000,10001750,0,1,5000000,100100,,,
perf_cycle,benchmarks/perf_cycles/2026-02-06_014829/post_fullscale_run2.json,2026-02-06_014829,post,full-scale,2026-02-06_014829:post:full-scale,2026-02-06T01:56:45.851889+00:00,a3a19be67121,20260203_perf_improvement,6,730,0,730,416,27,0,246,0,0,2086564703,963670016,1218,2240,692643344,600000,10001750,0,1,5000000,100100,,,
perf_cycle,benchmarks/perf_cycles/2026-02-06_014829/post_fullscale_run3.json,2026-02-06_014829,post,full-scale,2026-02-06_014829:post:full-scale,2026-02-06T01:56:49.655697+00:00,a3a19be67121,20260203_perf_improvement,6,727,0,727,438,21,0,226,0,0,2082801999,963670016,1218,2240,692643344,600000,10001750,0,1,5000000,100100,,,
perf_cycle,benchmarks/perf_cycles/2026-02-06_014829/post_fullscale.json,2026-02-06_014829,post,full-scale,2026-02-06_014829:post:full-scale,2026-02-06T01:56:49.666900+00:00,a3a19be67121,20260203_perf_improvement,6,717,0,717,416,23,0,231,0,0,2084401999,963670016,1218,2240,692643344,600000,10001750,0,1,5000000,100100,,,
perf_cycle,benchmarks/perf_cycles/2026-02-06_014829/post_e2e_run1.json,2026-02-06_014829,post,e2e,2026-02-06_014829:post:e2e,2026-02-06T01:57:22.043417+00:00,a3a19be67121,20260203_perf_improvement,5,24085,23989,96,66,0,0,0,0,0,1096986927,459679136,576612398,0,347982376,500002,5001430,0,0,0,0,40970203,40970258,81940461
perf_cycle,benchmarks/perf_cycles/2026-02-06_014829/post_e2e_run2.json,2026-02-06_014829,post,e2e,2026-02-06_014829:post:e2e,2026-02-06T01:57:43.735951+00:00,a3a19be67121,20260203_perf_improvement,5,21154,21064,90,64,0,0,0,0,0,1096986927,459679136,576612398,0,347982376,500002,5001430,0,0,0,0,40970203,40970258,81940461
perf_cycle,benchmarks/perf_cycles/2026-02-06_014829/post_e2e_run3.json,2026-02-06_014829,post,e2e,2026-02-06_014829:post:e2e,2026-02-06T01:58:03.535338+00:00,a3a19be67121,20260203_perf_improvement,5,20869,20778,91,62,0,0,0,0,0,1096986927,459679136,576612398,0,347982376,500002,5001430,0,0,0,0,40970203,40970258,81940461
perf_cycle,benchmarks/perf_cycles/2026-02-06_014829/post_e2e.json,2026-02-06_014829,post,e2e,2026-02-06_014829:post:e2e,2026-02-06T01:58:03.547014+00:00,a3a19be67121,20260203_perf_improvement,5,21177,21086,89,62,0,0,0,0,0,1096986927,459679136,576612398,0,347982376,500002,5001430,0,0,0,0,40970203,40970258,81940461
perf_cycle,benchmarks/perf_cycles/2026-02-06_022721/pre_fullscale_run1.json,2026-02-06_022721,pre,full-scale,2026-02-06_022721:pre:full-scale,2026-02-06T02:27:58.508965+00:00,c11cdc83888c,20260203_perf_improvement,6,658,0,658,381,19,0,223,0,0,2084942687,963670016,1218,2240,692643344,600000,10001750,0,1,5000000,100100,,,
perf_cycle,benchmarks/perf_cycles/2026-02-06_022721/pre_fullscale_run2.json,2026-02-06_022721,pre,full-scale,2026-02-06_022721:pre:full-scale,2026-02-06T02:28:04.363005+00:00,c11cdc83888c,20260203_perf_improvement,6,786,0,786,432,28,0,284,0,0,2087646063,963670016,1218,2240,692643344,600000,10001750,0,1,5000000,100100,,,
perf_cycle,benchmarks/perf_cycles/2026-02-06_022721/pre_fullscale_run3.json,2026-02-06_022721,pre,full-scale,2026-02-06_022721:pre:full-scale,2026-02-06T02:28:09.532238+00:00,c11cdc83888c,20260203_perf_improvement,6,657,0,657,363,22,0,234,0,0,2087646063,963670016,1218,2240,692643344,600000,10001750,0,1,5000000,100100,,,
perf_cycle,benchmarks/perf_cycles/2026-02-06_022721/pre_fullscale.json,2026-02-06_022721,pre,full-scale,2026-02-06_022721:pre:full-scale,2026-02-06T02:28:09.545101+00:00,c11cdc83888c,20260203_perf_improvement,6,673,0,673,384,22,0,234,0,0,2087646063,963670016,1218,2240,692643344,600000,10001750,0,1,5000000,100100,,,
perf_cycle,benchmarks/perf_cycles/2026-02-06_022721/pre_e2e_run1.json,2026-02-06_022721,pre,e2e,2026-02-06_022721:pre:e2e,2026-02-06T02:28:41.000470+00:00,c11cdc83888c,20260203_perf_improvement,5,21725,21633,92,63,0,0,0,0,0,1096986927,459679136,576612398,0,347982376,500002,5001430,0,0,0,0,40970203,40970258,81940461
perf_cycle,benchmarks/perf_cycles/2026-02-06_022721/pre_e2e_run2.json,2026-02-06_022721,pre,e2e,2026-02-06_022721:pre:e2e,2026-02-06T02:29:01.094757+00:00,c11cdc83888c,20260203_perf_improvement,5,21163,21070,93,67,0,0,0,0,0,1096986927,459679136,576612398,0,347982376,500002,5001430,0,0,0,0,40970203,40970258,81940461
perf_cycle,benchmarks/perf_cycles/2026-02-06_022721/pre_e2e_run3.json,2026-02-06_022721,pre,e2e,2026-02-06_022721:pre:e2e,2026-02-06T02:29:22.508078+00:00,c11cdc83888c,20260203_perf_improvement,5,20832,20740,92,64,0,0,0,0,0,1096986927,459679136,576612398,0,347982376,500002,5001430,0,0,0,0,40970203,40970258,81940461
perf_cycle,benchmarks/perf_cycles/2026-02-06_022721/pre_e2e.json,2026-02-06_022721,pre,e2e,2026-02-06_022721:pre:e2e,2026-02-06T02:29:22.519664+00:00,c11cdc83888c,20260203_perf_improvement,5,21225,21136,91,65,0,0,0,0,0,1096986927,459679136,576612398,0,347982376,500002,5001430,0,0,0,0,40970203,40970258,81940461
perf_cycle,benchmarks/perf_cycles/2026-02-06_022721/post_fullscale_run1.json,2026-02-06_022721,post,full-scale,2026-02-06_022721:post:full-scale,2026-02-06T03:16:46.529054+00:00,baac1dcb1912,20260203_perf_improvement,6,632,0,632,369,20,0,209,0,0,2086564703,963670016,1218,2240,692643344,600000,10001750,0,1,5000000,100100,,,
perf_cycle,benchmarks/perf_cycles/2026-02-06_022721/post_fullscale_run2.json,2026-02-06_022721,post,full-scale,2026-02-06_022721:post:full-scale,2026-02-06T03:16:51.641631+00:00,baac1dcb1912,20260203_perf_improvement,6,664,0,664,380,26,0,221,0,0,2084401999,963670016,1218,2240,692643344,600000,10001750,0,1,5000000,100100,,,
perf_cycle,benchmarks/perf_cycles/2026-02-06_022721/post_fullscale_run3.json,2026-02-06_022721,post,full-scale,2026-02-06_022721:post:full-scale,2026-02-06T03:16:56.538874+00:00,baac1dcb1912,20260203_perf_improvement,6,621,0,621,358,19,0,209,0,0,2086564703,963670016,1218,2240,692643344,600000,10001750,0,1,5000000,100100,,,
perf_cycle,benchmarks/perf_cycles/2026-02-06_022721/post_fullscale.json,2026-02-06_022721,post,full-scale,2026-02-06_022721:post:full-scale,2026-02-06T03:16:56.549801+00:00,baac1dcb1912,20260203_perf_improvement,6,631,0,631,366,20,0,210,0,0,2086564703,963670016,1218,2240,692643344,600000,10001750,0,1,5000000,100100,,,
perf_cycle,benchmarks/perf_cycles/2026-02-06_022721/post_e2e_run1.json,2026-02-06_022721,post,e2e,2026-02-06_022721:post:e2e,2026-02-06T03:17:02.722345+00:00,baac1dcb1912,20260203_perf_improvement,5,5901,5833,68,60,0,0,0,0,0,416911592,219674336,96515686,0,179451808,400000,1330,0,0,0,0,40970203,40970258,81940461
perf_cycle,benchmarks/perf_cycles/2026-02-06_022721/post_e2e_run2.json,2026-02-06_022721,post,e2e,2026-02-06_022721:post:e2e,2026-02-06T03:17:08.927956+00:00,baac1dcb1912,20260203_perf_improvement,5,5923,5856,67,59,0,0,0,0,0,416911592,219674336,96515686,0,179451808,400000,1330,0,0,0,0,40970203,40970258,81940461
perf_cycle,benchmarks/perf_cycles/2026-02-06_022721/post_e2e_run3.json,2026-02-06_022721,post,e2e,2026-02-06_022721:post:e2e,2026-02-06T03:17:15.154239+00:00,baac1dcb1912,20260203_perf_improvement,5,5968,5905,63,55,0,0,0,0,0,416911592,219674336,96515686,0,179451808,400000,1330,0,0,0,0,40970203,40970258,81940461
perf_cycle,benchmarks/perf_cycles/2026-02-06_022721/post_e2e.json,2026-02-06_022721,post,e2e,2026-02-06_022721:post:e2e,2026-02-06T03:17:15.164321+00:00,baac1dcb1912,20260203_perf_improvement,5,5943,5881,66,58,0,0,0,0,0,416911592,219674336,96515686,0,179451808,400000,1330,0,0,0,0,40970203,40970258,81940461
